{"distance": [32685.079478939711, 48551.108913505828], "centers": [151, 125], "time": 0.3410959243774414}